path,seq,age_ns
ros,14224,39720
ros,14226,27870
ros,14228,31360
ros,14230,31559
ros,14232,32090
ros,14234,32740
ros,14236,31150
ros,14238,33310
ros,14240,29800
ros,14242,26900
ros,14244,30720
ros,14246,30110
ros,14248,30360
ros,14250,31500
ros,14252,31090
ros,14254,32610
ros,14256,31590
ros,14258,30250
ros,14260,26069
ros,14262,28870
ros,14264,28000
ros,14266,32190
ros,14268,32779
ros,14270,35320
ros,14272,33780
ros,14274,33780
ros,14276,35330
ros,14278,33780
ros,14280,34850
ros,14282,35040
ros,14284,35200
ros,14286,23660
ros,14288,28770
ros,14290,21520
ros,14292,21100
ros,14294,27050
ros,14296,25850
ros,14298,21660
ros,14300,21790
ros,14302,23090
ros,14304,26470
ros,14306,27930
ros,14308,26700
ros,14310,24340
ros,14312,29210
ros,14314,26440
ros,14316,39130
ros,14318,28510
ros,14320,29950
ros,14322,34120
ros,14324,35620
ros,14326,25940
ros,14328,28699
ros,14330,28600
ros,14332,29720
ros,14334,29220
ros,14336,31849
ros,14338,29309
ros,14340,25570
ros,14342,34130
ros,14344,33290
ros,14346,34219
ros,14348,35590
ros,14350,33570
ros,14352,26040
ros,14354,31970
ros,14356,24380
ros,14358,37680
ros,14360,34470
ros,14362,27400
ros,14364,26150
ros,14366,35060
ros,14368,29800
ros,14370,28270
ros,14372,19680
ros,14374,18730
ros,14376,31139
ros,14378,25930
ros,14380,30280
ros,14382,31370
ros,14384,19310
ros,14386,23870
ros,14388,30700
ros,14390,31680
ros,14392,27180
ros,14394,26860
ros,14396,30700
ros,14398,28210
ros,14400,25470
ros,14402,28760
ros,14404,26130
ros,14406,32029
ros,14408,26150
ros,14410,25660
ros,14412,26520
ros,14414,31849
ros,14416,18450
ros,14418,29080
ros,14420,27570
ros,14422,26520
ros,14424,29300
ros,14426,31630
ros,14428,32100
ros,14430,32850
ros,14432,31580
ros,14434,29470
ros,14436,27100
ros,14438,23760
ros,14440,22310
ros,14442,22240
ros,14444,29359
ros,14446,31710
ros,14448,26010
ros,14450,24530
ros,14452,30739
ros,14454,17639
ros,14456,33980
ros,14458,25680
ros,14460,29620
ros,14462,26660
ros,14464,25580
ros,14466,20010
ros,14468,30670
ros,14470,32730
ros,14472,26920
ros,14474,19670
ros,14476,28450
ros,14478,22630
ros,14480,26760
ros,14482,29870
ros,14484,33630
ros,14486,35380
ros,14488,29130
ros,14490,30240
ros,14492,31840
ros,14494,29430
ros,14496,32020
ros,14498,19660
ros,14500,27410
ros,14502,26060
ros,14504,35420
ros,14506,36610
ros,14508,35590
ros,14510,28720
ros,14512,25930
ros,14514,34650
ros,14516,36050
ros,14518,38890
ros,14520,29690
ros,14522,34849
ros,14524,34060
ros,14526,19920
ros,14528,18670
ros,14530,25499
ros,14532,20250
ros,14534,27140
ros,14536,18350
ros,14538,32030
ros,14540,44800
ros,14542,32310
ros,14544,37370
ros,14546,32410
ros,14548,34280
ros,14550,35330
ros,14552,32390
ros,14554,33980
ros,14556,33550
ros,14558,31410
ros,14560,28399
ros,14562,29050
ros,14564,32610
ros,14566,29800
ros,14568,31710
ros,14570,30020
ros,14572,28200
ros,14574,25240
ros,14576,27430
ros,14578,29380
ros,14580,28210
ros,14582,27210
ros,14584,26460
ros,14586,36220
ros,14588,34120
ros,14590,36089
ros,14592,32560
ros,14594,28430
ros,14596,29470
ros,14598,30330
ros,14600,22959
ros,14602,30810
ros,14604,26930
ros,14606,34450
ros,14608,34660
ros,14610,28310
ros,14612,31820
ros,14614,31600
ros,14616,25000
ros,14618,40960
ros,14620,25890
ros,14622,24780
ros,14624,21630
ros,14626,29210
ros,14628,35439
ros,14630,42840
ros,14632,53350
ros,14634,33380
ros,14636,43680
ros,14638,46249
ros,14640,37920
ros,14642,36090
ros,14644,39550
ros,14646,40830
ros,14648,32030
ros,14650,42350
ros,14652,33970
ros,14654,41470
ros,14656,42520
ros,14658,38670
ros,14660,38720
ros,14662,36580
ros,14664,34870
ros,14666,37610
ros,14668,40049
ros,14670,39360
ros,14672,46350
ros,14674,29500
ros,14676,32829
ros,14678,39640
ros,14680,35070
ros,14682,33350
ros,14684,55170
ros,14686,39560
ros,14688,33860
ros,14690,31890
ros,14692,34390
ros,14694,36120
ros,14696,37510
ros,14698,16990
ros,14700,28960
ros,14702,38480
ros,14704,26860
ros,14706,34870
ros,14708,36790
ros,14710,29480
ros,14712,25970
ros,14714,21780
ros,14716,24680
ros,14718,57380
ros,14720,46210
ros,14722,49690
ros,14724,24540
ros,14726,36990
ros,14728,39140
ros,14730,35340
ros,14732,39950
ros,14734,44540
ros,14736,45540
ros,14738,44300
ros,14740,37290
ros,14742,39910
ros,14744,41230
ros,14746,50749
ros,14748,47210
ros,14750,36290
ros,14752,27040
ros,14754,34879
ros,14756,27520
ros,14758,37540
ros,14760,37410
ros,14762,35790
ros,14764,52570
ros,14766,41200
ros,14768,46060
ros,14770,65270
ros,14772,40170
ros,14774,55069
ros,14776,38480
ros,14778,49800
ros,14780,41140
ros,14782,35940
ros,14784,29140
ros,14786,37660
ros,14788,28120
ros,14790,38540
ros,14792,35559
ros,14794,49220
ros,14796,36590
ros,14798,41940
ros,14800,40580
ros,14802,48380
ros,14804,40660
ros,14806,57870
ros,14808,58390
ros,14810,56060
ros,14812,54630
ros,14814,30810
ros,14816,39850
ros,14818,70680
ros,14820,52170
ros,14822,44809
ros,14824,35859
ros,14826,38950
ros,14828,34620
ros,14830,34970
ros,14832,38019
ros,14834,54590
ros,14836,35720
ros,14838,53210
ros,14840,39540
ros,14842,67650
ros,14844,36380
ros,14846,47350
ros,14848,42540
ros,14850,38650
ros,14852,37730
ros,14854,29180
ros,14856,40710
ros,14858,38240
ros,14860,49839
ros,14862,34319
ros,14864,36220
ros,14866,38150
ros,14868,36620
ros,14870,30470
ros,14872,24200
ros,14874,25010
ros,14876,19800
ros,14878,23240
ros,14880,28170
ros,14882,28900
ros,14884,37040
ros,14886,65000
ros,14888,31110
ros,14890,26260
ros,14892,26770
ros,14894,27260
ros,14896,26650
ros,14898,28660
ros,14900,25140
ros,14902,59510
ros,14904,19400
ros,14906,27450
ros,14908,27860
ros,14910,28469
ros,14912,27360
ros,14914,32110
ros,14916,32540
ros,14918,28740
ros,14920,32060
ros,14922,28700
ros,14924,30060
ros,14926,20010
ros,14928,26360
ros,14930,29770
ros,14932,28050
ros,14934,30250
ros,14936,23920
ros,14938,31350
ros,14940,27630
ros,14942,19480
ros,14944,42650
ros,14946,33710
ros,14948,48589
ros,14950,36480
ros,14952,33940
ros,14954,35910
ros,14956,34180
ros,14958,34970
ros,14960,33780
ros,14962,34000
ros,14964,39090
ros,14966,34630
ros,14968,34370
ros,14970,33689
ros,14972,34150
ros,14974,35180
ros,14976,33910
ros,14978,34729
ros,14980,34420
ros,14982,34530
ros,14984,34910
ros,14986,34260
ros,14988,32810
ros,14990,32720
ros,14992,33240
ros,14994,33400
ros,14996,35730
ros,14998,35240
ros,15000,34210
ros,15002,33370
ros,15004,33550
ros,15006,23840
ros,15008,34580
ros,15010,34740
ros,15012,25970
ros,15014,35170
ros,15016,35490
ros,15018,33139
ros,15020,39830
ros,15022,37270
ros,15024,23770
ros,15026,38440
ros,15028,33410
ros,15030,35940
ros,15032,34450
ros,15034,34150
ros,15036,34830
ros,15038,36160
ros,15040,37950
ros,15042,34710
ros,15044,35420
ros,15046,37100
ros,15048,34329
ros,15050,34240
ros,15052,33490
ros,15054,34400
ros,15056,30909
ros,15058,36040
ros,15060,39480
ros,15062,41950
ros,15064,38060
ros,15066,37920
ros,15068,36050
ros,15070,38430
ros,15072,39540
ros,15074,31830
ros,15076,41270
ros,15078,44550
ros,15080,37210
ros,15082,36070
ros,15084,38810
ros,15086,35110
ros,15088,42400
ros,15090,36460
ros,15092,38440
ros,15094,36889
ros,15096,35990
ros,15098,36450
ros,15100,35250
ros,15102,36720
ros,15104,28640
ros,15106,23120
ros,15108,35690
ros,15110,37200
ros,15112,39030
ros,15114,36800
ros,15116,35270
ros,15118,43370
ros,15120,36400
ros,15122,35890
ros,15124,34840
ros,15126,40750
ros,15128,29070
ros,15130,41500
ros,15132,37050
ros,15134,36649
ros,15136,36570
ros,15138,37620
ros,15140,38640
ros,15142,16490
ros,15144,43390
ros,15146,43290
ros,15148,42600
ros,15150,48920
ros,15152,36120
ros,15154,44240
ros,15156,42280
ros,15158,46680
ros,15160,43820
ros,15162,40680
ros,15164,40319
ros,15166,42580
ros,15168,48330
ros,15170,39730
ros,15172,27570
ros,15174,34390
ros,15176,35440
ros,15178,34960
ros,15180,36760
ros,15182,33710
ros,15184,40110
ros,15186,49250
ros,15188,56000
ros,15190,34300
ros,15192,41220
ros,15194,35290
ros,15196,22510
ros,15198,23260
ros,15200,42070
ros,15202,36339
ros,15204,34190
ros,15206,36640
ros,15208,38430
ros,15210,41090
ros,15212,33840
ros,15214,38050
ros,15216,37010
ros,15218,38420
ros,15220,36640
ros,15222,33270
ros,15224,42270
ros,15226,43390
ros,15228,41470
ros,15230,41870
ros,15232,42150
ros,15234,39780
ros,15236,40080
ros,15238,36600
ros,15240,39820
ros,15242,37779
ros,15244,38440
ros,15246,42210
ros,15248,35940
ros,15250,46699
ros,15252,35090
ros,15254,43020
ros,15256,34530
ros,15258,34430
ros,15260,34210
ros,15262,37220
ros,15264,34760
ros,15266,34420
ros,15268,45260
ros,15270,50129
ros,15272,36240
ros,15274,28770
ros,15276,24930
ros,15278,25670
ros,15280,33589
ros,15282,41650
ros,15284,42010
ros,15286,38670
ros,15288,40650
ros,15290,41830
ros,15292,48000
ros,15294,41030
ros,15296,36600
ros,15298,37330
ros,15300,44960
ros,15302,42080
ros,15304,44130
ros,15306,38140
ros,15308,40170
ros,15310,36319
ros,15312,39260
ros,15314,39090
ros,15316,37520
ros,15318,34009
ros,15320,34010
ros,15322,34040
ros,15324,34480
ros,15326,34380
ros,15328,40219
ros,15330,36290
ros,15332,42830
ros,15334,37250
ros,15336,34090
ros,15338,34940
ros,15340,29390
ros,15342,24600
ros,15344,24120
ros,15346,24440
ros,15348,23940
ros,15350,20230
ros,15352,25980
ros,15354,25240
ros,15356,30250
ros,15358,25759
ros,15360,30120
ros,15362,32010
ros,15364,26680
ros,15366,25170
ros,15368,29810
ros,15370,27480
ros,15372,25070
ros,15374,25670
ros,15376,24760
ros,15378,25250
ros,15380,25070
ros,15382,28660
ros,15384,30430
ros,15386,26140
ros,15388,30839
ros,15390,29440
ros,15392,27460
ros,15394,29540
ros,15396,26010
ros,15398,26480
ros,15400,24490
ros,15402,24730
ros,15404,32490
ros,15406,31199
ros,15408,31600
ros,15410,24680
ros,15412,26500
ros,15414,24240
ros,15416,27840
