2026-09-03T07:55:50,113285766+09:00,0.000000000 seconds slow of NTP time
2026-09-03T07:56:00,133523334+09:00,0.000003582 seconds slow of NTP time
2026-09-03T07:56:10,175059792+09:00,0.000000004 seconds fast of NTP time
2026-09-03T07:56:20,203060318+09:00,0.000000004 seconds fast of NTP time
2026-09-03T07:56:30,228682072+09:00,0.000000004 seconds fast of NTP time
2026-09-03T07:56:40,253696338+09:00,0.000015230 seconds fast of NTP time
2026-09-03T07:56:50,279319168+09:00,0.000000025 seconds slow of NTP time
2026-09-03T07:57:00,314590625+09:00,0.000003726 seconds slow of NTP time
2026-09-03T07:57:10,334443417+09:00,0.000000002 seconds fast of NTP time
2026-09-03T07:57:20,354162328+09:00,0.000012352 seconds slow of NTP time
2026-09-03T07:57:30,373692162+09:00,0.000000044 seconds fast of NTP time
2026-09-03T07:57:40,408474682+09:00,0.000017580 seconds fast of NTP time
2026-09-03T07:57:50,431706975+09:00,0.000000049 seconds slow of NTP time
2026-09-03T07:58:00,450914685+09:00,0.000007158 seconds fast of NTP time
2026-09-03T07:58:10,484615606+09:00,0.000001485 seconds slow of NTP time
2026-09-03T07:58:20,528856749+09:00,0.000002362 seconds slow of NTP time
2026-09-03T07:58:30,548054176+09:00,0.000000002 seconds fast of NTP time
2026-09-03T07:58:40,566718889+09:00,0.000000559 seconds fast of NTP time
2026-09-03T07:58:50,585238522+09:00,0.000000022 seconds slow of NTP time
2026-09-03T07:59:00,608282371+09:00,0.000000021 seconds slow of NTP time
2026-09-03T07:59:10,632294884+09:00,0.000004767 seconds fast of NTP time
2026-09-03T07:59:20,648770506+09:00,0.000001335 seconds fast of NTP time
2026-09-03T07:59:30,680004690+09:00,0.000000000 seconds slow of NTP time
2026-09-03T07:59:40,698121865+09:00,0.000000877 seconds fast of NTP time
2026-09-03T07:59:50,717990483+09:00,0.000028143 seconds fast of NTP time
2026-09-03T08:00:00,737099096+09:00,0.000007704 seconds fast of NTP time
2026-09-03T08:00:10,758966317+09:00,0.000000000 seconds slow of NTP time
2026-09-03T08:00:20,781881512+09:00,0.000000000 seconds slow of NTP time
2026-09-03T08:00:30,801472062+09:00,0.000003710 seconds slow of NTP time
2026-09-03T08:00:40,822781772+09:00,0.000003230 seconds slow of NTP time
2026-09-03T08:00:50,849802473+09:00,0.000020313 seconds slow of NTP time
2026-09-03T08:01:00,867348471+09:00,0.000007082 seconds slow of NTP time
2026-09-03T08:01:10,884369934+09:00,0.000001077 seconds fast of NTP time
2026-09-03T08:01:20,912861222+09:00,0.000000000 seconds slow of NTP time
2026-09-03T08:01:30,940133169+09:00,0.000002664 seconds slow of NTP time
2026-09-03T08:01:40,957163929+09:00,0.000002021 seconds slow of NTP time
2026-09-03T08:01:50,986629429+09:00,0.000005044 seconds slow of NTP time
2026-09-03T08:02:01,006023691+09:00,0.000005455 seconds slow of NTP time
2026-09-03T08:02:11,034058185+09:00,0.000000142 seconds slow of NTP time
2026-09-03T08:02:21,069904303+09:00,0.000000006 seconds fast of NTP time
2026-09-03T08:02:31,090100399+09:00,0.000000006 seconds fast of NTP time
2026-09-03T08:02:41,117897416+09:00,0.000000005 seconds fast of NTP time
2026-09-03T08:02:51,137281711+09:00,0.000000222 seconds slow of NTP time
2026-09-03T08:03:01,154268145+09:00,0.000000094 seconds slow of NTP time
2026-09-03T08:03:11,170910037+09:00,0.000001142 seconds slow of NTP time
2026-09-03T08:03:21,188520349+09:00,0.000000094 seconds slow of NTP time
2026-09-03T08:03:31,204114470+09:00,0.000000067 seconds slow of NTP time
2026-09-03T08:03:41,219771082+09:00,0.000000014 seconds fast of NTP time
2026-09-03T08:03:51,236808444+09:00,0.000002723 seconds slow of NTP time
2026-09-03T08:04:01,254331059+09:00,0.000000000 seconds fast of NTP time
2026-09-03T08:04:11,271545572+09:00,0.000045256 seconds fast of NTP time
2026-09-03T08:04:21,286565592+09:00,0.000010724 seconds fast of NTP time
2026-09-03T08:04:31,302117251+09:00,0.000000017 seconds slow of NTP time
2026-09-03T08:04:41,332769185+09:00,0.000000016 seconds slow of NTP time
2026-09-03T08:04:51,349948901+09:00,0.000000046 seconds slow of NTP time
2026-09-03T08:05:01,372817550+09:00,0.000000295 seconds slow of NTP time
2026-09-03T08:05:11,399553127+09:00,0.000000003 seconds fast of NTP time
2026-09-03T08:05:21,420426280+09:00,0.000000003 seconds fast of NTP time
2026-09-03T08:05:31,495878455+09:00,0.000000003 seconds fast of NTP time
2026-09-03T08:05:41,514030357+09:00,0.000016846 seconds fast of NTP time
2026-09-03T08:05:51,532750013+09:00,0.000001282 seconds slow of NTP time
2026-09-03T08:06:01,551276660+09:00,0.000000029 seconds fast of NTP time
2026-09-03T08:06:11,588946060+09:00,0.000000028 seconds fast of NTP time
2026-09-03T08:06:21,608330329+09:00,0.000000027 seconds fast of NTP time
2026-09-03T08:06:31,625119274+09:00,0.000000026 seconds fast of NTP time
2026-09-03T08:06:41,643898941+09:00,0.000053804 seconds slow of NTP time
2026-09-03T08:06:51,662544226+09:00,0.000000018 seconds fast of NTP time
2026-09-03T08:07:01,696174768+09:00,0.000000017 seconds fast of NTP time
2026-09-03T08:07:11,712974196+09:00,0.000000017 seconds fast of NTP time
2026-09-03T08:07:21,730711707+09:00,0.000000017 seconds fast of NTP time
2026-09-03T08:07:31,749007734+09:00,0.000000017 seconds fast of NTP time
2026-09-03T08:07:41,765872669+09:00,0.000000017 seconds fast of NTP time
2026-09-03T08:07:51,783279503+09:00,0.000048058 seconds fast of NTP time
2026-09-03T08:08:01,801904275+09:00,0.000016934 seconds fast of NTP time
2026-09-03T08:08:11,819549425+09:00,0.000000004 seconds slow of NTP time
2026-09-03T08:08:21,838035555+09:00,0.000000004 seconds slow of NTP time
2026-09-03T08:08:31,873689357+09:00,0.000001497 seconds slow of NTP time
2026-09-03T08:08:41,894226654+09:00,0.000010490 seconds slow of NTP time
2026-09-03T08:08:51,921275700+09:00,0.000000050 seconds slow of NTP time
2026-09-03T08:09:01,937388225+09:00,0.000000047 seconds slow of NTP time
2026-09-03T08:09:11,958197294+09:00,0.000000015 seconds fast of NTP time
2026-09-03T08:09:21,977034108+09:00,0.000000014 seconds fast of NTP time
2026-09-03T08:09:31,994623708+09:00,0.000000014 seconds fast of NTP time
2026-09-03T08:09:42,013896474+09:00,0.000000014 seconds fast of NTP time
2026-09-03T08:09:52,039720178+09:00,0.000016104 seconds slow of NTP time
2026-09-03T08:10:02,059807955+09:00,0.000000022 seconds fast of NTP time
2026-09-03T08:10:12,080996336+09:00,0.000000022 seconds fast of NTP time
2026-09-03T08:10:22,106433868+09:00,0.000000022 seconds fast of NTP time
2026-09-03T08:10:32,126185718+09:00,0.000001459 seconds fast of NTP time
2026-09-03T08:10:42,151191327+09:00,0.000001418 seconds fast of NTP time
2026-09-03T08:10:52,175430687+09:00,0.000010194 seconds fast of NTP time
2026-09-03T08:11:02,191801980+09:00,0.000000003 seconds slow of NTP time
2026-09-03T08:11:12,208683879+09:00,0.000000003 seconds slow of NTP time
2026-09-03T08:11:22,228105431+09:00,0.000008040 seconds fast of NTP time
2026-09-03T08:11:32,248392758+09:00,0.000001878 seconds fast of NTP time
2026-09-03T08:11:42,267744488+09:00,0.000000002 seconds slow of NTP time
2026-09-03T08:11:52,285750379+09:00,0.000006981 seconds slow of NTP time
2026-09-03T08:12:02,304245349+09:00,0.000001524 seconds slow of NTP time
2026-09-03T08:12:12,323015960+09:00,0.000000002 seconds fast of NTP time
2026-09-03T08:12:22,339736165+09:00,0.000000002 seconds fast of NTP time
2026-09-03T08:12:32,572675568+09:00,0.000000002 seconds fast of NTP time
2026-09-03T08:12:42,589118633+09:00,0.000014178 seconds fast of NTP time
2026-09-03T08:12:52,606019262+09:00,0.000008067 seconds fast of NTP time
2026-09-03T08:13:02,631665527+09:00,0.000024385 seconds fast of NTP time
2026-09-03T08:13:12,651881458+09:00,0.000008055 seconds fast of NTP time
2026-09-03T08:13:22,672247166+09:00,0.000000039 seconds slow of NTP time
2026-09-03T08:13:32,697779945+09:00,0.000000038 seconds slow of NTP time
2026-09-03T08:13:42,715779613+09:00,0.000000038 seconds slow of NTP time
2026-09-03T08:13:52,740500231+09:00,0.000000037 seconds slow of NTP time
2026-09-03T08:14:02,772950673+09:00,0.000000015 seconds slow of NTP time
2026-09-03T08:14:12,797739106+09:00,0.000000014 seconds slow of NTP time
2026-09-03T08:14:22,816657974+09:00,0.000000030 seconds fast of NTP time
2026-09-03T08:14:32,836130129+09:00,0.000000018 seconds fast of NTP time
2026-09-03T08:14:42,857554120+09:00,0.000000018 seconds fast of NTP time
2026-09-03T08:14:52,875118291+09:00,0.000000018 seconds fast of NTP time
2026-09-03T08:15:02,899760256+09:00,0.000000017 seconds fast of NTP time
2026-09-03T08:15:12,924850078+09:00,0.000000017 seconds fast of NTP time
2026-09-03T08:15:22,946324023+09:00,0.000000017 seconds fast of NTP time
2026-09-03T08:15:32,965847081+09:00,0.000000017 seconds fast of NTP time
2026-09-03T08:15:42,987081786+09:00,0.000000016 seconds fast of NTP time