2026-09-03T07:55:33,091799687+09:00,0.000527821 seconds slow of NTP time
2026-09-03T07:55:43,122954195+09:00,0.000465197 seconds slow of NTP time
2026-09-03T07:55:53,151218617+09:00,0.000402591 seconds slow of NTP time
2026-09-03T07:56:03,177306782+09:00,0.000339998 seconds slow of NTP time
2026-09-03T07:56:13,201778771+09:00,0.000277416 seconds slow of NTP time
2026-09-03T07:56:23,226457892+09:00,0.000214835 seconds slow of NTP time
2026-09-03T07:56:33,254391936+09:00,0.000024868 seconds fast of NTP time
2026-09-03T07:56:43,281511371+09:00,0.000024777 seconds fast of NTP time
2026-09-03T07:56:53,309662421+09:00,0.000024685 seconds fast of NTP time
2026-09-03T07:57:03,338205690+09:00,0.000024594 seconds fast of NTP time
2026-09-03T07:57:13,369303641+09:00,0.000024502 seconds fast of NTP time
2026-09-03T07:57:23,396615794+09:00,0.000024411 seconds fast of NTP time
2026-09-03T07:57:33,421048924+09:00,0.000024320 seconds fast of NTP time
2026-09-03T07:57:43,445689520+09:00,0.000180260 seconds fast of NTP time
2026-09-03T07:57:53,492470678+09:00,0.000175659 seconds fast of NTP time
2026-09-03T07:58:03,520103197+09:00,0.000171067 seconds fast of NTP time
2026-09-03T07:58:13,548200542+09:00,0.000166474 seconds fast of NTP time
2026-09-03T07:58:23,580832208+09:00,0.000161879 seconds fast of NTP time
2026-09-03T07:58:33,606340912+09:00,0.000157288 seconds fast of NTP time
2026-09-03T07:58:43,632459557+09:00,0.000081239 seconds fast of NTP time
2026-09-03T07:58:53,658849249+09:00,0.000080331 seconds fast of NTP time
2026-09-03T07:59:03,684406745+09:00,0.000079423 seconds fast of NTP time
2026-09-03T07:59:13,708300135+09:00,0.000078515 seconds fast of NTP time
2026-09-03T07:59:23,733756836+09:00,0.000077607 seconds fast of NTP time
2026-09-03T07:59:33,757592630+09:00,0.000076699 seconds fast of NTP time
2026-09-03T07:59:43,786226214+09:00,0.000075791 seconds fast of NTP time
2026-09-03T07:59:53,814324037+09:00,0.000116733 seconds fast of NTP time
2026-09-03T08:00:03,839972832+09:00,0.000114368 seconds fast of NTP time
2026-09-03T08:00:13,867073497+09:00,0.000112002 seconds fast of NTP time
2026-09-03T08:00:23,913994326+09:00,0.000109631 seconds fast of NTP time
2026-09-03T08:00:33,940417895+09:00,0.000107266 seconds fast of NTP time
2026-09-03T08:00:43,965091632+09:00,0.000104901 seconds fast of NTP time
2026-09-03T08:00:54,003298646+09:00,0.000152794 seconds fast of NTP time
2026-09-03T08:01:04,032690373+09:00,0.000148651 seconds fast of NTP time
2026-09-03T08:01:14,064928814+09:00,0.000144508 seconds fast of NTP time
2026-09-03T08:01:24,094082716+09:00,0.000140365 seconds fast of NTP time
2026-09-03T08:01:34,119461966+09:00,0.000136225 seconds fast of NTP time
2026-09-03T08:01:44,146444926+09:00,0.000132083 seconds fast of NTP time
2026-09-03T08:01:54,176877055+09:00,0.000127940 seconds fast of NTP time
2026-09-03T08:02:04,204101217+09:00,0.000596647 seconds slow of NTP time
2026-09-03T08:02:14,232202994+09:00,0.000456541 seconds slow of NTP time
2026-09-03T08:02:24,256378810+09:00,0.000316497 seconds slow of NTP time
2026-09-03T08:02:34,298741543+09:00,0.000176204 seconds slow of NTP time
2026-09-03T08:02:44,326527646+09:00,0.000036121 seconds slow of NTP time
2026-09-03T08:02:54,352381028+09:00,0.000000008 seconds fast of NTP time
2026-09-03T08:03:04,380548081+09:00,0.000147908 seconds fast of NTP time
2026-09-03T08:03:14,407305865+09:00,0.000141689 seconds fast of NTP time
2026-09-03T08:03:24,435474960+09:00,0.000135469 seconds fast of NTP time
2026-09-03T08:03:34,464926517+09:00,0.000129248 seconds fast of NTP time
2026-09-03T08:03:44,491424110+09:00,0.000123029 seconds fast of NTP time
2026-09-03T08:03:54,516764564+09:00,0.000116811 seconds fast of NTP time
2026-09-03T08:04:04,540999801+09:00,0.000110594 seconds fast of NTP time
2026-09-03T08:04:14,564671755+09:00,0.000432313 seconds fast of NTP time
2026-09-03T08:04:24,589609431+09:00,0.000377522 seconds fast of NTP time
2026-09-03T08:04:34,617325396+09:00,0.000322719 seconds fast of NTP time
2026-09-03T08:04:44,646471402+09:00,0.000267906 seconds fast of NTP time
2026-09-03T08:04:54,672561971+09:00,0.000213107 seconds fast of NTP time
2026-09-03T08:05:04,699905282+09:00,0.000158305 seconds fast of NTP time
2026-09-03T08:05:14,729999270+09:00,0.000219905 seconds fast of NTP time
2026-09-03T08:05:24,760757175+09:00,0.000210788 seconds fast of NTP time
2026-09-03T08:05:34,788399812+09:00,0.000201674 seconds fast of NTP time
2026-09-03T08:05:44,816035228+09:00,0.000192560 seconds fast of NTP time
2026-09-03T08:05:54,844689916+09:00,0.000183445 seconds fast of NTP time
2026-09-03T08:06:04,873109981+09:00,0.000174330 seconds fast of NTP time
2026-09-03T08:06:14,899181403+09:00,0.000165217 seconds fast of NTP time
2026-09-03T08:06:24,924374406+09:00,0.000146302 seconds fast of NTP time
2026-09-03T08:06:34,951650948+09:00,0.000141912 seconds fast of NTP time
2026-09-03T08:06:44,977753904+09:00,0.000137522 seconds fast of NTP time
2026-09-03T08:06:55,007268081+09:00,0.000133130 seconds fast of NTP time
2026-09-03T08:07:05,039010276+09:00,0.000128739 seconds fast of NTP time
2026-09-03T08:07:15,063797997+09:00,0.000124349 seconds fast of NTP time
2026-09-03T08:07:25,090012621+09:00,0.000206485 seconds fast of NTP time
2026-09-03T08:07:35,119113783+09:00,0.000198804 seconds fast of NTP time
2026-09-03T08:07:45,150118105+09:00,0.000191123 seconds fast of NTP time
2026-09-03T08:07:55,176209049+09:00,0.000183444 seconds fast of NTP time
2026-09-03T08:08:05,204227000+09:00,0.000175765 seconds fast of NTP time
2026-09-03T08:08:15,229192682+09:00,0.000168088 seconds fast of NTP time
2026-09-03T08:08:25,255354318+09:00,0.000160409 seconds fast of NTP time
2026-09-03T08:08:35,283458337+09:00,0.000092240 seconds fast of NTP time
2026-09-03T08:08:45,309360550+09:00,0.000090597 seconds fast of NTP time
2026-09-03T08:08:55,333123873+09:00,0.000088954 seconds fast of NTP time
2026-09-03T08:09:05,362912587+09:00,0.000087311 seconds fast of NTP time
2026-09-03T08:09:15,390560240+09:00,0.000085667 seconds fast of NTP time
2026-09-03T08:09:25,416453634+09:00,0.000084024 seconds fast of NTP time
2026-09-03T08:09:35,441251451+09:00,0.000020866 seconds fast of NTP time
2026-09-03T08:09:45,472404044+09:00,0.000020773 seconds fast of NTP time
2026-09-03T08:09:55,501944253+09:00,0.000020679 seconds fast of NTP time
2026-09-03T08:10:05,529272330+09:00,0.000020586 seconds fast of NTP time
2026-09-03T08:10:15,562543941+09:00,0.000020492 seconds fast of NTP time
2026-09-03T08:10:25,593551857+09:00,0.000020398 seconds fast of NTP time
2026-09-03T08:10:35,620965990+09:00,0.000003853 seconds slow of NTP time
2026-09-03T08:10:45,649165146+09:00,0.000003850 seconds slow of NTP time
2026-09-03T08:10:55,680732712+09:00,0.000003846 seconds slow of NTP time
2026-09-03T08:11:05,713975438+09:00,0.000003843 seconds slow of NTP time
2026-09-03T08:11:15,741594605+09:00,0.000003840 seconds slow of NTP time
2026-09-03T08:11:25,776500092+09:00,0.000003836 seconds slow of NTP time
2026-09-03T08:11:35,807103591+09:00,0.000003833 seconds slow of NTP time
2026-09-03T08:11:45,835050282+09:00,0.000060034 seconds slow of NTP time
2026-09-03T08:11:55,863112012+09:00,0.000059054 seconds slow of NTP time
2026-09-03T08:12:05,890407496+09:00,0.000058074 seconds slow of NTP time
2026-09-03T08:12:15,918824252+09:00,0.000057094 seconds slow of NTP time
2026-09-03T08:12:25,946434737+09:00,0.000056114 seconds slow of NTP time
2026-09-03T08:12:35,974420440+09:00,0.000055133 seconds slow of NTP time
2026-09-03T08:12:46,003767705+09:00,0.000132056 seconds fast of NTP time
2026-09-03T08:12:56,032347086+09:00,0.000128414 seconds fast of NTP time
2026-09-03T08:13:06,059067092+09:00,0.000124772 seconds fast of NTP time
2026-09-03T08:13:16,084433650+09:00,0.000121131 seconds fast of NTP time
2026-09-03T08:13:26,112051874+09:00,0.000117489 seconds fast of NTP time
2026-09-03T08:13:36,142381005+09:00,0.000113846 seconds fast of NTP time
2026-09-03T08:13:46,167968662+09:00,0.000110204 seconds fast of NTP time
2026-09-03T08:13:56,195950621+09:00,0.000106562 seconds fast of NTP time
2026-09-03T08:14:06,229173357+09:00,0.000102918 seconds fast of NTP time
2026-09-03T08:14:16,260433106+09:00,0.000099274 seconds fast of NTP time
2026-09-03T08:14:26,290627231+09:00,0.000095631 seconds fast of NTP time
2026-09-03T08:14:36,322091547+09:00,0.000091988 seconds fast of NTP time
2026-09-03T08:14:46,357218104+09:00,0.000088343 seconds fast of NTP time
2026-09-03T08:14:56,387569224+09:00,0.000073607 seconds fast of NTP time
2026-09-03T08:15:06,418482753+09:00,0.000073166 seconds fast of NTP time
2026-09-03T08:15:16,449341551+09:00,0.000072725 seconds fast of NTP time
2026-09-03T08:15:26,478882698+09:00,0.000072284 seconds fast of NTP time
